Question_ID,Question
1590140,What are the characteristics of mental illnesses and how do they affect daily life?
1590140,Can you explain the spectrum of mental illness severity and give examples of serious conditions?
1590140,How does the nature of mental illness differ from personal attributes like character or willpower?
1590140,What is the relationship between mental illnesses and biological factors in the brain?
1590140,How effective are treatments for mental illness in improving a person's quality of life?
2110618,What percentage of adults in America are affected by mental illness?
2110618,Does mental illness have a specific demographic that it affects more than others?
2110618,At what age do most mental health conditions begin to develop?
2110618,Who should be vigilant about changes in mood and behavior in children regarding mental health?
2110618,Are there certain mental health disorders that are more common in specific populations?
6361820,What are some common factors that can lead to mental illness in different populations?
6361820,How does age influence the likelihood of developing mental health conditions?
6361820,Why is it difficult to identify mental illness in adolescents?
6361820,What percentage of mental health conditions develop before the age of 24?
6361820,What should parents look for in their children to identify potential mental health issues?
9434130,What are the general symptoms that may indicate a mental health disorder in adults?
9434130,Can you list some warning signs of mental illness in older children and pre-teens?
9434130,What changes in behavior might be observed in younger children indicating potential mental health issues?
9434130,How might someone experience symptoms of mental illness through changes in mood or eating habits?
9434130,What signs could suggest that an adult is struggling with thoughts of suicide or substance abuse?
7657263,What is the significance of early identification and treatment in mental health recovery?
7657263,Are there effective treatments available for all types of mental illnesses?
7657263,How important is personal engagement in the recovery process for someone with a mental illness?
7657263,Can individuals with mental illness live productive lives even if they experience symptoms again?
7657263,What should be done if someone experiences a return of mental health symptoms after treatment?
1619387,What actions should I take if I have a friend showing mental disorder symptoms?
1619387,How can I encourage a loved one who might be struggling with mental health issues?
1619387,What is the best way to approach someone I believe needs mental health support?
1619387,Why is it important to talk to a mental health professional about a friend's symptoms?
1619387,How can I show my support to someone experiencing mental health problems?
1030153,What steps should I take to locate a mental health professional for myself or my child?
1030153,How important is it to feel comfortable with a mental health provider?
1030153,What should I consider when searching for a mental health professional?
1030153,Is it necessary to conduct research to find a suitable mental health provider?
1030153,Can you provide tips on how to find mental health services in my locality?
8022026,What types of treatments can I explore for mental health issues?
8022026,Are there specific treatment methods for mental illnesses?
8022026,How do I determine the best treatment for myself or my child?
8022026,Can you explain the variety of treatment options available?
8022026,Why is it important to find the right treatment for mental illness?
1155199,What should I understand about starting treatment and its challenges?
1155199,What key questions should I ask my treatment provider regarding my diagnosis?
1155199,In what ways is family involved in the treatment process?
1155199,How will my treatment plan be coordinated with other specialists?
1155199,What role do medications play in the treatment of my condition?
7760466,What types of mental health professionals are available?
7760466,How do I choose the right mental health provider for me?
7760466,What factors should I consider when looking for a mental health expert?
7760466,Are all mental health professionals the same in terms of training?
7760466,Why is it important to find a professional that fits my needs?
2553795,What steps should I take to locate a suitable mental health professional for myself or my child?
2553795,How do I determine if a mental health professional is the right fit for me or my child?
2553795,What factors should I consider when looking for a mental health professional?
2553795,Is it important to feel comfortable with my mental health provider?
2553795,Do I need to do research to find the right professional for my mental health needs?
1259439,What should I understand about the treatment process before starting?
1259439,What questions should I ask regarding the cause of my illness?
1259439,Is it common to perform physical or neurological examinations during treatment?
1259439,How can family members be involved in the treatment program?
1259439,What information should I have about the medications prescribed for this diagnosis?
4197817,What should I do if I need help with my mental health?
4197817,Who are some people I can talk to about my concerns?
4197817,Where can I find mental health resources in my area?
4197817,What types of support groups are available for mental health?
4197817,How can peer support assist in my recovery journey?
3388962,What information should I request from my doctor before starting a new medication?
3388962,How can I find out when the medication will become effective?
3388962,What are the specific instructions regarding taking the medication and any restrictions I should follow?
3388962,"What side effects should I be aware of, and how should I respond if they occur?"
3388962,What steps should I take if I accidentally miss a dose of my medication?
5343181,"If my symptoms improve after starting medication, should I consider myself cured and think about stopping it?"
5343181,What might happen if I stop taking my medication suddenly?
5343181,How can I communicate with my doctor about my desire to stop medication?
5343181,What are the risks associated with discontinuing medication without consulting a doctor?
5343181,Are there ways to manage medication side effects before deciding to stop treatment?
5778437,What resources are available to assist me with the cost of my prescription medications?
5778437,Are there programs that can help reduce my medication expenses if I have financial difficulties?
5778437,Is a doctor's approval needed to access assistance programs for medication costs?
5778437,Where can I find more information about prescription assistance programs?
5778437,Do these assistance programs require me to have health insurance or a drug benefit?
9541219,What places can I explore to seek therapy services?
9541219,How can I locate a therapist that suits my needs?
9541219,What types of therapy should I consider for mental health issues?
9541219,Are there specialized therapists for children that I can find?
9541219,What are the effective options available for different mental health conditions?
3268009,What options do I have for mental health treatment?
3268009,How can I find out more about treatment types?
3268009,What are the common methods to treat mental health conditions?
3268009,Are there alternative treatments for mental health issues?
3268009,How should I approach discussing treatment with my team?
3340726,What types of mental health professionals exist?
3340726,How do I choose the right mental health professional?
3340726,Are there various categories of mental health experts?
3340726,What should I consider when looking for a mental health professional?
3340726,Is it important to research different mental health specialists?
9539480,How can I locate a support group for my mental health needs?
9539480,What types of organizations provide support groups?
9539480,Are support groups usually led by professionals or peers?
9539480,Can family members also attend support groups?
9539480,What is the benefit of joining a support group?
4211025,What steps should I take if I need inpatient care?
4211025,How can inpatient care assist those in crisis?
4211025,What situations might require inpatient care?
4211025,Who can benefit from inpatient treatment?
4211025,Is there a specific process to access inpatient care?
4031860,What resources can help me locate local mental health services?
4031860,How do I find a therapist in my area?
4031860,Where should I look for mental health treatment options?
4031860,What tools are available to assist me in finding local therapists?
4031860,How can I learn about treatment processes in my community?
5215843,What options do I have if my mental health treatments aren't working?
5215843,How do clinical trials fit into my treatment options?
5215843,What should I consider before joining a research study?
5215843,Are there any risks associated with participating in clinical trials?
5215843,Where can I find more information about new treatment approaches?
8927672,How can I find detailed guidance on psychiatric advance directives?
8927672,What is the purpose of a psychiatric advance directive?
8927672,In what situations is a psychiatric advance directive useful?
8927672,Can I create a psychiatric advance directive during a mental health crisis?
8927672,What information does a psychiatric advance directive contain?
7728364,Can you explain what mental health includes?
7728364,What components make up our mental health?
7728364,How are beliefs and thoughts related to mental health?
7728364,What role do feelings play in mental health?
7728364,What factors contribute to our overall mental health?
4194958,What should I consider if the support I receive is not beneficial?
4194958,How can I find effective help if I'm not seeing results?
4194958,What approach should I take if the assistance isn't aiding my situation?
4194958,What do I do when I feel like the support isn't working for me?
4194958,How can I remain optimistic while seeking the right help?
1667863,Is it possible to avoid mental health issues?
1667863,How can I prevent serious mental health challenges?
1667863,What can I do to improve my mental wellbeing?
1667863,Can resilience help with mental health problems?
1667863,What steps should I take to seek help early for mental health?
8904276,What are some effective ways to manage mental health issues?
8904276,Can counseling really help with mental health challenges?
8904276,Is there medication available for mental health problems?
8904276,How important are sleep and nutrition for mental health?
8904276,What role do friendships play in mental health recovery?
4283807,What are the sources of mental health issues?
4283807,What factors contribute to mental health challenges?
4283807,How do life events impact mental health?
4283807,Can biological issues lead to mental health problems?
4283807,What psychological aspects can cause mental health difficulties?
8690253,What steps should I take if I am concerned about my mental well-being?
8690253,Who can I confide in if I am feeling anxious about my mental health?
8690253,Is it beneficial to seek information about my mental health concerns?
8690253,How can talking to someone assist me with my mental health worries?
8690253,What should I do first if I feel troubled by my mental state?
2973656,What signs indicate I might be unwell?
2973656,How can I assess my mental health status?
2973656,When should I consider seeking help for my mental well-being?
2973656,What are the indicators of significant impairment in daily functioning?
2973656,How do I determine if my feelings or thoughts are problematic?
4759773,How can I assist a friend or family member I'm concerned about?
4759773,What steps can I take if I'm anxious about a loved one's well-being?
4759773,What is the best way to support someone I care about who may need help?
4759773,"If I notice a friend struggling, what should I do?"
4759773,How can I encourage a relative to seek support if I'm worried about them?
1511075,What should I consider when someone advises me on my choices?
1511075,How can I determine what advice is best for my situation?
1511075,What should I do if someone is trying to control my decisions?
1511075,How do I balance others' suggestions with my own preferences?
1511075,What if the advice I receive doesn't resonate with me?
7069853,What are the reasons I should stay informed during a pandemic?
7069853,How can being informed positively impact my mental health?
7069853,Is it necessary to follow the news all day to stay updated?
7069853,What should I be cautious about when using social media for news?
7069853,How can reliable information affect my feelings during a health crisis?
4181750,What criteria should I consider when assessing the quality of health information I find online?
4181750,How do I identify reliable sources of information about COVID-19 and related health issues?
4181750,What are the signs that a source of health information might not be trustworthy?
4181750,How can I differentiate between sensational articles and factual reporting in health news?
4181750,What strategies should I use to critically evaluate health information shared on social media?
2554141,What are some things I can control during uncertain times?
2554141,How can I connect with loved ones while managing stress and uncertainty?
2554141,What steps can I take to prepare for changes in my routine due to a pandemic?
2554141,Why is planning important when everything feels overwhelming?
2554141,How can problem-solving help me during challenging situations?
9100298,What are some effective ways to maintain my social connections during this time?
9100298,How should I reach out to someone if I'm feeling lonely?
9100298,What can I do if I feel disconnected from my friends and family?
9100298,Are there any resources available for talking to someone about my feelings of loneliness?
9100298,What types of support groups can help me cope with loneliness?
2884887,What are some effective ways to maintain my physical health during this time?
2884887,How can I ensure I'm eating healthy while staying at home?
2884887,What kind of exercises can I do indoors if I can't go outside?
2884887,How does poor sleep affect my mental health and what can I do about it?
2884887,What should I do if I have a chronic illness regarding my health during the pandemic?
9250044,What are some effective low-energy distractions I can try when feeling overwhelmed?
9250044,How can I create a to-do list to stay productive during difficult times?
9250044,What online learning opportunities are available to help me stay engaged?
9250044,How can I connect with my community while practicing social distancing?
9250044,What are some healthy habits I can maintain when my routine is disrupted?
3597720,What strategies can I use to change my perspective on a stressful situation to feel better?
3597720,How can I recognize and challenge my negative thoughts during difficult times?
3597720,What are some examples of reframing thoughts to see a situation more positively?
3597720,In what ways can I acknowledge my feelings while also finding hope and solutions?
3597720,How does challenging unhelpful thoughts help me in managing stress and emotions?
7535002,What are thinking traps and how do they affect my feelings and actions in challenging situations?
7535002,What steps can I follow to challenge my automatic thoughts that lead to negative interpretations?
7535002,How can I identify if I'm falling into a thinking trap and what strategies can I use to address it?
7535002,What kind of questions should I ask myself when I experience upsetting thoughts or feelings?
7535002,How can I replace negative thinking with more balanced thoughts during difficult times?
4134858,What are some common experiences that can trigger feelings of grief in my life?
4134858,Can you suggest ways to effectively express my feelings during the grieving process?
4134858,How important is it to seek support from friends and family while dealing with grief?
4134858,What self-care practices should I consider to help manage my grief effectively?
4134858,When should I think about connecting with a mental health professional for grief support?
9676742,What steps should I take to locate a general physician or family doctor?
9676742,Where can I find a psychiatrist and what do I need to see one?
9676742,How do I find a registered psychologist in British Columbia?
9676742,What resources are available for finding a clinical counsellor?
9676742,Is there a guide that explains the differences between various mental health professionals?
2612846,What steps should I take to see a psychiatrist in BC?
2612846,"Do I need a referral to see a psychiatrist, and how do I get one?"
2612846,"If I don't have a family doctor, can I still see a psychiatrist?"
2612846,Can I self-refer to a mental health program to see a psychiatrist?
2612846,Where can I find my local mental health centre for psychiatrist information?
3166337,What steps should I take to schedule an appointment with a psychologist?
3166337,Do I need a referral from my doctor before I can see a psychologist?
3166337,Are the costs of seeing a Registered Psychologist usually covered by MSP?
3166337,What are some options if I can't afford the full cost of seeing a psychologist?
3166337,How can I find more affordable counselling options in my community?
7009409,What are the steps to find a registered counsellor?
7009409,Do I need a doctor's referral to see a counsellor?
7009409,How can I get financial assistance for counselling services?
7009409,What options are available for Indigenous community members seeking counselling?
7009409,Are counselling services covered by MSP if seen at a public mental health centre?
9630578,What types of support groups are available for individuals with mental health experiences?
9630578,Where can I find a local support group for mental illnesses?
9630578,How can my school or campus help me connect to a support group?
9630578,Is it possible to seek online support if local groups are not available?
9630578,What should I consider before joining a support group to ensure it's a good fit for me?
1585622,What steps can I take to help my child find mental health support?
1585622,How can I locate local mental health services for young individuals?
1585622,Where can I direct my child for mental health assistance at school?
1585622,What online tools can assist in finding child and youth mental health services?
1585622,Is there a service available for young people aged 12-24 for mental health care?
1833460,What steps can older adults take to address mental health issues?
1833460,Is there a support line for mental health services that older adults can call?
1833460,Where can I find information on local mental health programs for seniors?
1833460,How can I help a loved one who is struggling with mental health concerns?
1833460,Are there resources specifically for seniors dealing with mental health challenges?
6981545,What self-help resources are available for managing depression?
6981545,Is it necessary to consult a doctor before using self-help materials for depression?
6981545,Can you recommend any specific workbooks for different groups dealing with depression?
6981545,How can I access the Bounce Back program for support with depression?
6981545,Where can I find additional self-help materials for women experiencing postpartum depression?
2115228,What should I do before seeking self-help materials for anxiety?
2115228,Where can I access self-help resources for managing anxiety during pregnancy?
2115228,Is there an app that provides skills for anxiety management?
2115228,Can I get recommendations for books on anxiety from my mental health care team?
2115228,What options do I have for guided self-help programs in British Columbia?
2009922,What resources are available for someone struggling with both physical and mental health issues?
2009922,How can I access self-management programs for chronic health problems in British Columbia?
2009922,Is there a specific workbook I can use to cope with health problems and support a loved one?
2009922,What kind of support can I get from the Bounce Back program for mental health challenges related to chronic health conditions?
2009922,Where can I find a therapist or counselor if I need one-on-one support for my health-related struggles?
6167248,How can I identify if my substance use is becoming a problem?
6167248,What are some reasons people use substances like alcohol and drugs?
6167248,Where can I find resources to understand more about substance use?
6167248,What should I do if I want to change my relationship with substances?
6167248,How can I find support if I or someone I know needs help with substance use?
6779222,How can I find affordable counselling options in my area?
6779222,What resources can help me locate low-cost therapy services?
6779222,Are there specific organizations that provide counselling recommendations?
6779222,Do I need a referral from a doctor to access government-funded mental health services?
6779222,Can you suggest any private clinics that offer sliding scale fees for counselling?
1546812,How can I obtain financial assistance for my prescription drugs?
1546812,Is there a specific program that helps with medication costs?
1546812,Do I need someone to apply for medication coverage for me?
1546812,How long does the coverage from BC PharmaCare typically last?
1546812,Who should I contact if I want to explore Plan G options?
2176317,What are the payment options for mental health care services covered by MSP?
2176317,Are there any costs associated with seeing a private mental health practitioner?
2176317,How can I reduce the expenses for private mental health services?
2176317,What types of support might students have for mental health care?
2176317,Is there a contact number for local mental health services if I have financial concerns?
3284724,What are the different levels of provincial income assistance available?
3284724,What eligibility criteria must I meet for PWD benefits?
3284724,Where can I find information about applying for PPMB benefits?
3284724,How can the Disability Alliance of BC assist me with my application?
3284724,Are there resources available for advocacy during the application process?
5981663,What does MSP stand for and what does it cover?
5981663,Who manages the Medical Services Plan program in British Columbia?
5981663,How is the monthly fee for MSP determined?
5981663,What do I need to bring when attending medical appointments in BC?
5981663,What should I do if I'm new to BC and want to enroll in MSP?
6623577,What does it mean to receive a referral in the context of mental health services?
6623577,How can I get an appointment with a specialist after my doctor refers me?
6623577,Are there specific criteria I need to meet to receive a referral for mental health services?
6623577,Can I consult a specialist in BC without a referral from my doctor?
6623577,What should I do to ensure the specialist's office can reach me after my referral?
6851366,Can you explain the main differences between a psychiatrist and a registered psychologist?
6851366,What type of training does a psychiatrist have compared to a registered psychologist?
6851366,How can I access a registered psychologist without needing a doctor’s referral?
6851366,Are there any costs associated with seeing a psychiatrist or psychologist under the public system?
6851366,What should I consider when choosing between a psychiatrist and a psychologist for my mental health care?
1898078,Can you explain how psychotherapy and counselling are related and if they mean the same thing?
1898078,What types of professionals are typically involved in providing psychotherapy or counselling?
1898078,How does a professional therapist or counsellor differ from talking to friends or family about mental health issues?
1898078,What are some effective psychotherapy approaches for treating different mental health problems?
1898078,Why is the relationship between a client and therapist important in the context of psychotherapy?
1706961,Can you explain how cognitive-behavioural therapy (CBT) differs from dialectical behaviour therapy (DBT)?
1706961,What types of mental health issues can CBT effectively address?
1706961,How does DBT focus on emotional regulation compared to CBT?
1706961,What are some key skills or strategies I would learn in CBT?
1706961,In what ways do relationships play a significant role in DBT treatment?
4925221,What are the various classes of antidepressants and how do they differ?
4925221,Can you explain how different antidepressants affect neurotransmitters?
4925221,Why do some people need to try multiple antidepressants before finding the right one?
4925221,Who is authorized to prescribe antidepressant medications?
4925221,In what situations other than depression might antidepressants be prescribed?
1043721,What should I do if I have doubts about my diagnosis?
1043721,Is it appropriate to discuss my concerns about a diagnosis with my doctor?
1043721,How can I obtain a second opinion regarding my mental health diagnosis?
1043721,What steps should I take if I want a different assessment of my condition?
1043721,Where can I find more information about managing a mental illness diagnosis?
8471978,What steps should I take if my prescribed antidepressant doesn't seem effective?
8471978,How can I discuss medication side effects with my doctor or pharmacist?
8471978,Is it safe to change my medication dosage without consulting a healthcare provider?
8471978,What should I do if I experience a serious allergic reaction to my medication?
8471978,How can I find the right antidepressant or psychiatric medication for my needs?
2746837,What steps can I take to help an adult in my life who refuses to seek help for their struggles?
2746837,How can I approach a family member or friend who is behaving in harmful ways but doesn't think they need help?
2746837,Is it possible for me to make decisions for someone else who is unwell if I feel they are a danger to themselves?
2746837,What should I consider when trying to diagnose a health condition for someone close to me?
2746837,What resources can I use if I need support while dealing with a loved one's mental health issues?
5640861,What steps can I take if I am concerned about my child’s mental health?
5640861,Where can I find specialized services if my child needs them?
5640861,How can I get help from my child’s school regarding their mental health issues?
5640861,What resources does Kelty Mental Health Resource Centre provide for families?
5640861,Is there a program available for managing mild behavior problems in children under 12?
3393534,What should I do if someone I care about has a brain injury and is struggling with mental health?
3393534,Are brain injuries linked to mental health issues?
3393534,How can I find services that address both brain injuries and mental health?
3393534,Where can I locate more resources for brain injury support?
3393534,What avenues exist for getting help with mental health after a brain injury?
3839472,What are some effective ways to support someone with depression even if I don't fully understand their experience?
3839472,How can I create a safe space for my loved one to talk about their feelings related to depression?
3839472,Why is it important to listen to my loved one without judgment when discussing their mental health?
3839472,What can I do if my loved one isn't satisfied with their current treatment for depression?
3839472,How should I respond if my loved one expresses thoughts of ending their life?
3055896,What are some ways I can support my loved one who has schizophrenia?
3055896,How can I encourage my loved one to express their feelings about their illness?
3055896,What should I do if my loved one experiences hallucinations or delusions?
3055896,Is it necessary for me to be involved in my loved one's treatment process?
3055896,What actions can I take if I believe my loved one is at risk of self-harm?
4200873,What should I do if my parent has a mental illness and I feel overwhelmed by their condition?
4200873,How can I learn more about my parent's mental illness to better understand them?
4200873,Are there any support programs available for young people who have a parent with mental illness?
4200873,What resources can I access if I need someone to talk to about my feelings regarding my parent's illness?
4200873,How can I take care of myself while dealing with a parent's mental health challenges?
1337085,What should I do if I have thoughts of suicide or someone I care about does?
1337085,Where can I find immediate help if I or someone else is in danger due to suicidal thoughts?
1337085,Is it necessary to talk to someone if I'm experiencing suicidal thoughts?
1337085,What resources are available for supporting someone who is having suicidal thoughts?
1337085,Can you suggest materials that help understand and cope with suicidal feelings?
2447683,What are the potential benefits and harms of using cannabis for young adults?
2447683,"At what age is it legally acceptable to use cannabis in British Columbia, and what are the implications for brain development?"
2447683,"Why do some young people use cannabis, and how does the purpose of use affect potential harm?"
2447683,"As a parent, how can I create a supportive environment for my young adult concerning cannabis use?"
2447683,What risks are associated with using cannabis for individuals with serious mental health issues?
7995219,Can you explain how mental health is different from mental illness?
7995219,What factors contribute to mental health and well-being?
7995219,Is it possible to have good mental health while diagnosed with a mental illness?
7995219,How can people maintain their mental health and cope with challenges?
7995219,What does it mean to have poor mental health without having a mental illness?
2903196,What resources are available for learning about mood disorders?
2903196,Is there a self-test I can take for depression?
2903196,Can I find information on the treatment options for depression?
2903196,Are there any booklets available that explain depression in simple language?
2903196,Where can I read personal stories about experiences with depression?
4893447,How does normal anxiety differ from an anxiety disorder in terms of situational triggers?
4893447,In what ways can manageable anxiety actually be beneficial in daily life situations?
4893447,Can you explain some characteristics that indicate the presence of an anxiety disorder?
4893447,What are some signs that someone's anxiety might be overwhelming or unmanageable?
4893447,What should a person consider if they feel their anxiety is based in unrealistic fears?
8612349,What are the key differences between stress and anxiety that I should be aware of?
8612349,Can you explain how stress and anxiety are related yet distinct?
8612349,In what ways do stress and anxiety manifest physically in individuals?
8612349,Why do I typically know the source of my stress but struggle to identify my anxiety?
8612349,How can prolonged stress or anxiety affect my overall well-being?
6062232,How can I tell if I'm sad or experiencing depression?
6062232,What are some common feelings associated with clinical depression?
6062232,What impact does depression have on daily life and activities?
6062232,How long does sadness last compared to depression?
6062232,What should I do if I think I might be depressed?
9045344,Can you explain what dysthymia is and how it differs from major depressive disorder?
9045344,What are the symptoms of persistent depressive disorder and how long do they last?
9045344,Why might someone assume that their persistent depressive disorder is just part of their personality?
9045344,Is persistent depressive disorder considered as severe as major depressive disorder in terms of disability?
9045344,When should I consult a doctor or mental health professional regarding persistent depressive disorder?
9020440,Can you explain what cyclothymic disorder is and how it relates to bipolar disorder?
9020440,What are the symptoms associated with hypomania in cyclothymic disorder?
9020440,How many symptoms of depression do I need to have for a cyclothymic disorder diagnosis?
9020440,Is it possible to feel well between episodes of hypomania and depression in cyclothymic disorder?
9020440,Who should I talk to if I think I might have cyclothymic disorder?
5819325,What is the definition of rapid cycling in bipolar disorder?
5819325,How many episodes of depression or mania characterize rapid cycling?
5819325,Is it common for individuals with bipolar disorder to experience rapid cycling?
5819325,Does rapid cycling occur consistently or can it change over time?
5819325,What percentage of people with bipolar disorder experience rapid cycling?
4816493,What resources can help me understand borderline personality disorder better?
4816493,Are there any support groups for people with borderline personality disorder in my area?
4816493,What types of therapy are available for managing borderline personality disorder?
4816493,Is there a publication that shares personal stories about living with BPD?
4816493,Can you recommend any helpful books on borderline personality disorder?
9178453,Can you explain what schizoid personality disorder is and how it affects social interactions?
9178453,What are the main characteristics of someone with schizoid personality disorder?
9178453,How is schizoid personality disorder different from schizophrenia?
9178453,What options are available for someone looking for help with schizoid personality disorder?
9178453,Do people with schizoid personality disorder often experience distress in social situations?
9679704,Can you explain what antisocial personality disorder (ASPD) is and how it affects people's behavior?
9679704,How does someone with antisocial personality disorder typically regard the rights and feelings of others?
9679704,What are some common characteristics or behaviors associated with antisocial personality disorder?
9679704,"At what age is antisocial personality disorder diagnosed, and what early signs might indicate its presence in children?"
9679704,"What treatment options are available for someone struggling with antisocial personality disorder, and is it considered curable?"
9167296,Can you explain what a personality disorder entails and what specifically is obsessive-compulsive personality disorder?
9167296,What are some characteristics of individuals who have obsessive-compulsive personality disorder?
9167296,How does obsessive-compulsive personality disorder differ from obsessive-compulsive disorder?
9167296,What might someone with obsessive-compulsive personality disorder struggle with in their daily life?
9167296,What options are available for treating obsessive-compulsive personality disorder?
9049618,Can you explain what binge-eating disorder is and how it affects individuals?
9049618,What are some common signs that someone might be experiencing binge-eating disorder?
9049618,How does binge-eating disorder differ from simply overeating occasionally?
9049618,Why might individuals with binge-eating disorder try to keep their symptoms hidden?
9049618,Is there help available for those who believe they have binge-eating disorder?
7984793,What are the main differences between dissociative identity disorder and schizophrenia?
7984793,How does dissociative identity disorder affect a person's sense of self?
7984793,What symptoms are associated with schizophrenia?
7984793,Can you explain the concept of dissociation in relation to dissociative identity disorder?
7984793,Why might dissociative identity disorder not be obvious to others?
6085633,What are the main symptoms associated with psychosis that distinguish it from other mental health issues?
6085633,"Can psychosis occur in individuals without schizophrenia, and if so, what are some other causes?"
6085633,How does schizophrenia relate to psychosis and what other symptoms might it include?
6085633,What are some potential effects of psychosis on an individual's daily functioning or behavior?
6085633,Why is it crucial to seek help early if someone is experiencing symptoms of psychosis or schizophrenia?
1896541,Can you explain what positive and negative symptoms are in relation to schizophrenia?
1896541,What types of symptoms are classified as positive symptoms in schizophrenia?
1896541,What are some examples of negative symptoms associated with schizophrenia?
1896541,How do positive symptoms differ from negative symptoms in schizophrenia?
1896541,"Is there a third category of symptoms related to schizophrenia, and what does it include?"
4962901,What does the term prodrome refer to in medical language?
4962901,How can I identify the prodrome phase of psychosis?
4962901,Are there specific symptoms that indicate the start of a prodrome for psychosis?
4962901,Why is it important to recognize prodrome symptoms early?
4962901,What should I do if I suspect prodrome symptoms in myself or someone else?
6869967,What steps should I follow if I suspect I have ADHD as an adult?
6869967,Where can I find support and resources for adult ADHD in Canada?
6869967,How can my family doctor assist me if I think I have ADHD?
6869967,What organizations can provide information on adult ADHD?
6869967,Is there a support group available for adults with ADHD in Vancouver?
4824231,How do substance use and addiction differ from one another?
4824231,Can you explain the complexities of substance use beyond just good or bad?
4824231,What factors influence the risk of developing problems with substance use?
4824231,In what situations can substance use be considered beneficial?
4824231,How can one manage the risks associated with substance use?
4294616,What steps can I take if I want to change my substance use habits?
4294616,Who can I talk to for support with my alcohol or drug problem?
4294616,How do I find treatment options available for substance use issues in BC?
4294616,Is there a way to maintain privacy when discussing drug use with a doctor?
4294616,What resources are available for someone struggling with alcohol or drug use in British Columbia?
4373204,What factors should I consider to determine if my alcohol consumption is excessive?
4373204,How can I tell if drinking on a single occasion might lead to problems?
4373204,In what ways can my reasons for drinking affect my risk of alcohol-related issues?
4373204,What strategies can I use to manage my alcohol consumption effectively?
4373204,Where can I find more information about treatment options related to alcohol use?
7807643,What are the risks associated with cannabis compared to tobacco use?
7807643,How does legalizing cannabis help in minimizing its potential harms?
7807643,What regulations exist for the sale of cannabis in British Columbia?
7807643,Why is it important to know the contents and dosage of cannabis we consume?
7807643,How can legalization of cannabis foster discussions about drug use in communities?
4352464,What are some effective ways to influence my child’s decision-making regarding drug use?
4352464,How can I create a supportive relationship with my child to discuss drug-related issues?
4352464,What role does open conversation play in addressing my child's thoughts about drugs?
4352464,How can I introduce the topic of drugs naturally in everyday situations with my family?
4352464,Why is it important to talk to young adults about drug use as they transition into independence?
6521784,What are the potential medical uses of CBD oil based on research?
6521784,Is CBD oil legal in Canada and what evidence supports its use?
6521784,How does CBD interact with the human body's cannabinoid system?
6521784,What evidence is there regarding the effectiveness of CBD for epilepsy?
6521784,Are there any safety concerns or drug interactions associated with CBD oil?
3221856,What constitutes a vaping device and how does it work?
3221856,Why has vaping become more popular among young people compared to traditional smoking?
3221856,What are the potential health risks associated with vaping despite it being less harmful than smoking?
3221856,How can young people be better informed about the nicotine content in vaping liquids?
3221856,What are effective strategies for discussing vaping and making informed decisions about its use?
